sample_id,question,gold_answer,supporting_sentence,answer_type,difficulty,category_group,page_title,section_title,chunk_id,quality_score,n_clean_contexts,decision,question_clear,answer_in_evidence,answer_unique,needs_title,time_sensitive_ok,notes
seed_000000,When did Tandyn Douglas Almer die?,"January 8, 2013","Tandyn Douglas Almer (July 30, 1942 – January 8, 2013) was an American songwriter, musician, and record producer who wrote the 1966 song ""Along Comes Mary"" for the Association.",date,easy,person,Tandyn Almer,Lead,5145407_1361837690_0_0,1.0,8,fix,yes,yes,no,no,yes,multiple candidate values of the same type appear in the sentence - check uniqueness
seed_000001,When did Vitaly Lazarevich Ginzburg die?,8 November 2009,"Vitaly Lazarevich Ginzburg ForMemRS (Russian: Вита́лий Ла́заревич Ги́нзбург; 4 October [O.S. 21 September] 1916 – 8 November 2009) was a Russian physicist who was honored with the Nobel Prize in Physics in 2003, together with Alexei Abrikosov and Anthony Leggett for their ""pioneering contributions to the theory of superconductors and superfluids.""",date,easy,person,Vitaly Ginzburg,Lead,339208_1363352505_0_0,1.0,8,fix,yes,yes,no,no,yes,multiple candidate values of the same type appear in the sentence - check uniqueness
seed_000002,When did Johannes Hans Daniel Jensen die?,11 February 1973,Johannes Hans Daniel Jensen (German: [ˈhans ˈjɛnzn̩] ; 25 June 1907 – 11 February 1973) was a German theoretical physicist.,date,easy,person,J. Hans D. Jensen,Lead,396566_1357444441_0_0,1.0,8,fix,yes,yes,no,yes,yes,multiple candidate values of the same type appear in the sentence - check uniqueness
seed_000003,When did Balch graduate from Princeton with her B.A. in geography?,1999,She graduated from Princeton with her B.A. geography in 1999.,date,easy,person,Jennifer Balch,Education and career,61613704_1365186230_1_0,1.0,8,keep,yes,yes,yes,yes,yes,auto-review: looks good
seed_000004,"In which year did Einstein publish four groundbreaking papers, and what was this period called?",1905,"In 1905, sometimes described as his annus mirabilis (miracle year), he published four groundbreaking papers.",date,easy,person,Albert Einstein,Lead,736_1365975877_0_1,1.0,8,keep,yes,yes,yes,yes,yes,auto-review: looks good
seed_000005,When did Best's father move the family to Missouri?,1839,"In 1839, Best's father, John, moved the family to Missouri, where he built a saw mill to cut lumber for the local pioneers.",date,easy,person,Daniel Best,Early years,7344400_1358181389_1_0,1.0,8,keep,yes,yes,yes,yes,yes,auto-review: looks good
seed_000006,When did Pavel Alekseyevich Cherenkov die?,6 January 1990,"Pavel Alekseyevich Cherenkov (Russian: Па́вел Алексе́евич Черенко́в [ˈpavʲɪl ɐlʲɪkˈsʲe(j)ɪvʲɪtɕ tɕɪrʲɪnˈkof]; 28 July 1904 – 6 January 1990) was a Soviet physicist who shared the 1958 Nobel Prize in Physics with Ilya Frank and Igor Tamm ""for the discovery and interpretation of the Cherenkov effect"".",date,easy,person,Pavel Cherenkov,Lead,253253_1361992800_0_0,1.0,8,fix,yes,yes,no,no,yes,multiple candidate values of the same type appear in the sentence - check uniqueness
seed_000007,When did Karl Ferdinand Braun die?,20 April 1918,Karl Ferdinand Braun (German: [ˈfɛʁdinant ˈbʁaʊ̯n] ; 6 June 1850 – 20 April 1918) was a German applied physicist who shared the 1909 Nobel Prize in Physics with Guglielmo Marconi for their contributions to the development of radio.,date,easy,person,K. Ferdinand Braun,Lead,17297_1365388713_0_0,1.0,8,fix,yes,yes,no,yes,yes,multiple candidate values of the same type appear in the sentence - check uniqueness
seed_000008,Who shared the 1972 Nobel Prize in Physics with Leon N. Cooper for his work on superconductivity?,John Bardeen and John Robert Schrieffer,Cooper developed the concept of Cooper pairs and collaborated with John Bardeen and John Robert Schrieffer to develop the BCS theory of conventional superconductivity.,organization,medium,person,Leon Cooper,Lead,396611_1364500771_0_0,1.0,8,keep,yes,yes,yes,no,yes,auto-review: looks good
seed_000009,What feature of Bates' machine made it different from manual page numbering methods?,automatically advancing number wheel,"His device introduced a self-inking hand stamps mechanism with an automatically advancing number wheel, which eliminated the need to advance the numbering manually after each impression.",other,medium,person,Edwin G. Bates,The Bates Numbering Machine,79846401_1360477088_3_0,1.0,8,keep,yes,yes,yes,yes,yes,auto-review: looks good
seed_000010,What position did Willard Sterling Boyle hold at Bellcomm where he assisted in selecting lunar landing sites and supporting the Apollo space program?,director of Space Science and Exploratory Studies,"As director of Space Science and Exploratory Studies at Bellcomm, Boyle helped select lunar landing sites and provided support for the Apollo space program.",other,medium,person,Willard Boyle,Lead,3626302_1359012569_0_0,1.0,8,keep,yes,yes,yes,no,yes,auto-review: looks good
seed_000011,In which year did Karl Ferdinand Braun receive his Ph.D. and transfer to the University of Berlin?,1872,"In 1872, he received his Ph.D. with a thesis on vibrating strings, and subsequently followed Quincke to the University of Würzburg as an assistant.",date,medium,person,K. Ferdinand Braun,Education and career,17297_1365388713_1_0,1.0,8,keep,yes,yes,yes,yes,yes,auto-review: looks good
seed_000012,"Where did Chamberlain continue his doctoral studies after the war, and who was his advisor there?",University of Chicago,"In 1946, after the war, Chamberlain continued with his doctoral studies at the University of Chicago under physicist Enrico Fermi.",organization,medium,person,Owen Chamberlain,Biography,385864_1340963298_1_0,1.0,8,keep,yes,yes,yes,yes,yes,auto-review: looks good
seed_000013,"When did Alfred Clark's wife, Ivy Sanders, die after their marriage in 1921?",1973,"In 1921 he married Ivy Sanders, who survived him and died in 1973.",date,medium,person,Alfred Clark (director),Lead,52112609_1282620194_0_0,1.0,8,fix,yes,yes,no,yes,yes,multiple candidate values of the same type appear in the sentence - check uniqueness
seed_000014,Which project did Easton co-write in 1955 that was competing with a proposal from Wernher von Braun for a U.S. satellite program?,Project Vanguard,"In 1955, Easton co-wrote the Naval Research Laboratory's Project Vanguard proposal for a U.S. satellite program in competition with two other proposals, including a proposal from the U.S. Army prepared by Wernher von Braun.",other,medium,person,Roger L. Easton,Career,7720731_1359618307_1_0,1.0,8,keep,yes,yes,yes,yes,yes,auto-review: looks good
seed_000015,What type of works has Andrew Gould Bostom authored besides being a physician and critic of Islam?,historical works,"Bostom has authored historical works such as The Legacy of Jihad and The Legacy of Islamic Antisemitism,",other,medium,person,Andrew G. Bostom,Lead,7361213_1345420480_0_0,1.0,8,keep,yes,yes,yes,no,yes,auto-review: looks good
seed_000016,Who shared the 2020 Nobel Prize in Physics with Andrea Mia Ghez for the discovery of a supermassive compact object at the center of our galaxy?,Reinhard Genzel,"She shared the 2020 Nobel Prize in Physics with Reinhard Genzel ""for the discovery of a supermassive compact object at the centre of our galaxy"".",person,hard,person,Andrea M. Ghez,Lead,704276_1347415688_0_0,1.0,8,keep,yes,yes,yes,no,yes,auto-review: looks good
seed_000017,"What degree did Hoberman earn from Cooper Union in 1979, and what field did it belong to?",bachelor's degree in sculpture,"He studied liberal arts at Brown University, and went on to earn a bachelor's degree in sculpture from Cooper Union in 1979, and a master's degree in mechanical engineering from Columbia University.",other,hard,person,Chuck Hoberman,Early life and education,1587864_1346343241_1_0,1.0,8,keep,yes,yes,yes,yes,yes,auto-review: looks good
seed_000018,Who was awarded the Nobel Prize in Physics in 1986 along with Gerd Karl Binnig for the invention of the scanning tunneling microscope?,Heinrich Rohrer,He is most famous for having won the Nobel Prize in Physics jointly with Heinrich Rohrer in 1986 for the invention of the scanning tunneling microscope.,person,hard,person,Gerd Binnig,Lead,7790085_1364844373_0_0,1.0,8,keep,yes,yes,yes,no,yes,auto-review: looks good
seed_000019,Where was Bekele born?,"Addis Ababa, Ethiopia","Bekele was born in Addis Ababa, Ethiopia, and emigrated to the United States with his family at the age of four.",location,easy,person,Heman Bekele,Early life and education,78591929_1362673621_1_0,1.0,8,keep,yes,yes,yes,yes,yes,auto-review: looks good
seed_000020,Where is Redoubt Volcano located?,the head of the Chigmit Mountains subrange in Lake Clark National Park and Preserve,"Redoubt Volcano, or Mount Redoubt (Dena'ina: Bentuggezh K’enulgheli), is an active stratovolcano in the largely volcanic Aleutian Range of the U.S. state of Alaska. Located at the head of the Chigmit Mountains subrange in Lake Clark National Park and Preserve, the mountain is just west of Cook Inlet, in the Kenai Peninsula Borough about 110 miles (180 km) southwest of Anchorage.",location,easy,location,Mount Redoubt,Lead,983600_1361118936_0_0,1.0,8,keep,yes,yes,yes,yes,yes,auto-review: looks good
seed_000021,What is the capital and largest city of Indonesia?,Jakarta,"Jakarta, officially the Special Capital Region of Jakarta, is the capital and largest city of Indonesia, with administrative status equivalent to a province.",location,easy,location,Jakarta,Lead,16275_1365977073_0_0,1.0,8,keep,yes,yes,yes,yes,yes,auto-review: looks good
seed_000022,In which state is Wheeler Peak located?,Nevada,"Wheeler Peak is the tallest mountain in the Snake Range and in White Pine County, in Nevada, United States.",location,easy,location,Wheeler Peak (Nevada),Lead,1010057_1360088788_0_0,1.0,8,keep,yes,yes,yes,yes,yes,auto-review: looks good
seed_000023,Which country is mentioned as the only federation not to accord a special administrative subdivision to its capital?,Canada,"Unusually, Canada is the only federation in the world not to accord a special administrative subdivision to its capital;",other,easy,location,Capital districts and territories,Lead,1604190_1352759269_0_0,1.0,8,keep,yes,yes,yes,yes,yes,auto-review: looks good
seed_000024,When was the Federal Capital Territory formed?,1976,"The FCT was formed in 1976 from parts of the states of old Kaduna, Kwara, Niger, and Plateau states, with the bulk of land mass carved out of Niger state.",date,easy,location,Federal Capital Territory (Nigeria),Lead,1324670_1362330901_0_0,1.0,8,keep,yes,yes,yes,yes,yes,auto-review: looks good
seed_000025,Where is the Federal District located?,Center-West Region,"Located in the Center-West Region, it is the smallest Brazilian federal unit and the only one that has no municipalities, being divided into 35 administrative regions.",location,easy,location,Federal District (Brazil),Lead,145964_1365616245_0_0,1.0,8,keep,yes,yes,yes,yes,yes,auto-review: looks good
seed_000026,Where is Glacier National Park located?,northwestern Montana,"Glacier National Park is a national park of the United States located in northwestern Montana, on the Canada–United States border.",location,easy,location,Glacier National Park (U.S.),Lead,226211_1365921562_0_0,1.0,8,keep,yes,yes,yes,yes,yes,auto-review: looks good
seed_000027,When did Manila regain its status as the capital city?,1976,"The current capital city, Manila, has been the country's capital throughout most of its history and regained the title through a presidential order in 1976, with its metropolitan area serving as the National Capital Region (NCR) since 1978.",date,easy,location,Capital of the Philippines,Lead,7808968_1353911190_0_0,1.0,8,fix,yes,yes,no,yes,no,multiple candidate values of the same type appear in the sentence - check uniqueness; phrasing may go stale over time (relative/superlative language)
seed_000028,What were the early inhabitants trading in the 600s BCE that contributed to the wealth of the chiefdoms in the Niger River Valley area?,"gold, ivory, kola nuts, and salt","The early inhabitants traded gold, ivory, kola nuts, and salt.",other,medium,location,Bamako,History,56606_1360404380_1_0,1.0,8,keep,yes,yes,yes,yes,yes,auto-review: looks good
seed_000029,Which lake is the largest alpine lake in the United States and also the largest lake in the park?,Jackson Lake,"Elevation of the region classes these as alpine lakes, with Jackson lake being the largest alpine lake in the United States.",location,medium,location,Lakes of Grand Teton National Park,Lead,71673455_1363529721_0_0,1.0,8,keep,yes,yes,yes,yes,yes,auto-review: looks good
seed_000030,When was Wales conquered by Edward I?,late 13th century,"Between the end of Roman rule and the conquest by Edward I in the late 13th century, Wales was usually divided between four kingdoms.",date,medium,location,Capital of Wales,History,169332_1363135724_1_0,1.0,8,keep,yes,yes,yes,yes,yes,auto-review: looks good
seed_000031,Which act defines the 'capital area' as including both the territory of the Tokyo Metropolis and outlying regions designated by cabinet order?,首都圏整備法,"Article 2 of the Metropolitan Area Readjustment Act (首都圏整備法) of 1956 states: ""In this Act, the term 'capital area' shall denote a broad region comprising both the territory of the Tokyo Metropolis as well as outlying regions designated by cabinet order.""",other,medium,location,Capital of Japan,Legal status,494807_1364964908_1_0,1.0,8,keep,yes,yes,yes,yes,yes,auto-review: looks good
seed_000032,In which year did the executive and judicial branches of the Malaysian federal government move to Putrajaya?,1999,The city remained the seat of the executive and judicial branches of the Malaysian federal government until these were relocated to Putrajaya in early 1999.,date,medium,location,Kuala Lumpur,Lead,16854_1365784851_0_1,1.0,8,keep,yes,yes,yes,yes,yes,auto-review: looks good
seed_000033,Which city served as the preferred seat of government for the Holy Roman Empire during Charlemagne's reign and was also the site for the coronation of 31 Holy Roman Emperors before moving to Frankfurt?,Aachen,"The medieval German Holy Roman Empire used to have Aachen as its preferred seat of government during Charlemagne's reign, and until 1531 it was the place where 31 Holy Roman Emperors were crowned Kings of the Germans.",location,medium,location,Capital of Germany,Pre-1871,169339_1350018545_1_0,1.0,8,keep,yes,yes,yes,yes,yes,auto-review: looks good
seed_000034,"Which mountain, located in East–Central California along the border of Inyo and Tulare counties, has an elevation of 14,505 feet (4,421 m) and is the highest point in the contiguous United States?",Mount Whitney,"Mount Whitney (Paiute: Tumanguya) is a mountain in California's Sierra Nevada range, and is the highest point in the contiguous United States, with an elevation of 14,505 feet (4,421 m).",location,hard,location,Mount Whitney,Lead,238615_1355912986_0_0,1.0,8,keep,yes,yes,yes,yes,yes,auto-review: looks good
seed_000035,"Which U.S. president, whose name is associated with the naming of Mount Cleveland, served during the second term of his presidency when the eastern side of what future national park was purchased from the Blackfoot Confederacy in 1895?",Grover Cleveland,The east side of the future national park was purchased by the federal government from the Blackfoot Confederacy in 1895 during the second term of President Grover Cleveland.,person,hard,location,Mount Cleveland (Montana),Lead,2465760_1355820527_0_0,1.0,8,keep,yes,yes,yes,yes,yes,auto-review: looks good
seed_000036,"Which two hurricanes caused significant impact on the Virgin Islands in September 2017, and what was the visitor count in 2018 after the park's reopening in December 2017?",Irma and Maria,"Two category 5 hurricanes impacted the Virgin Islands in September 2017, Irma and Maria.",other,hard,location,Virgin Islands National Park,Lead,758644_1362946271_0_0,1.0,8,keep,yes,yes,yes,no,yes,auto-review: looks good
seed_000037,Since when has Bonn been the secondary official residence of the president of Germany and the chancellor of Germany?,28 April 1994,"Since 28 April 1994, it is the secondary official residence of the president of Germany, the chancellor of Germany, the Bundesrat (upper house), the primary official residence of six federal ministries, and approximately 20 federal authorities.",date,easy,location,Federal city,Germany,5894792_1365818011_1_0,1.0,8,keep,yes,yes,yes,yes,yes,auto-review: looks good
seed_000038,What operating system runs on the Amiga line of computers mentioned in the article?,AmigaOS,"This article deals with programming languages used in the Amiga line of computers, running the AmigaOS operating system and its derivatives AROS and MorphOS.",other,easy,science_technology,Amiga programming languages,Lead,31235619_1329168462_0_0,1.0,8,keep,yes,yes,yes,yes,yes,auto-review: looks good
seed_000039,What percentage of commercial codebases analyzed by the Linux Foundation and Synopsys contained open-source software?,96%,"According to a study by the Linux Foundation and Synopsys, 96% of the commercial codebases analyzed contained open-source software, and 70–90% of a typical codebase consisted of open-source components",numeric,easy,science_technology,Transparency in the software supply chain,Lead,83277131_1365442436_0_0,1.0,8,keep,yes,yes,yes,yes,yes,auto-review: looks good
seed_000040,What recent trend has transformed political campaigns worldwide by providing more options for both users and politicians but also leading to an increase in disinformation?,Generative Artificial Intelligence,"Recently, the new trends of Generative Artificial Intelligence have transformed the political campaigns around the world; such tools and technologies give more modalities to users and politicians for political participation, along with a rise in disinformation.",other,easy,science_technology,Computational politics,Lead,61580753_1342791371_0_0,1.0,8,keep,yes,yes,yes,yes,yes,auto-review: looks good
seed_000041,When did the iOS App Store introduce the term 'app'?,2008,"The abbreviation app became popular with the 2008 introduction of the iOS App Store, to refer to applications for mobile devices such as smartphones and tablets.",date,easy,science_technology,Application software,Lead,454746_1365140718_0_0,1.0,8,keep,yes,yes,yes,yes,yes,auto-review: looks good
seed_000042,"What university did Ryan O'Donnell attend for his Ph.D., and who was his advisor there in 2003?",Massachusetts Institute of Technology,"He then completed his Ph.D. at the Massachusetts Institute of Technology (MIT) in 2003, advised by Madhu Sudan.",location,easy,science_technology,Ryan O'Donnell (computer scientist),Lead,75556122_1363529828_0_0,1.0,8,keep,yes,yes,yes,yes,yes,auto-review: looks good
seed_000043,What technique is used in computing to improve performance by retrieving data or instructions before they are needed?,Prefetching,Prefetching is a technique used in computing to improve performance by retrieving data or instructions before they are needed.,other,easy,science_technology,Prefetching,Lead,1806683_1340908364_0_0,1.0,8,keep,yes,yes,yes,yes,yes,auto-review: looks good
seed_000044,"Who was born on October 29, 1983 and works as a Senior Applications Engineer at Brookhaven National Laboratory in Geneva, Switzerland?",Edward Karavakis,"Edward Karavakis (Greek: Εδουάρδος Καραβάκης; born October 29, 1983) is a Greek computer scientist working as a Senior Applications Engineer at Brookhaven National Laboratory (BNL) stationed at CERN, the European Organization for Nuclear Research in Geneva, Switzerland.",person,easy,science_technology,Edward Karavakis,Lead,75135199_1356192556_0_0,1.0,8,keep,yes,yes,yes,yes,yes,auto-review: looks good
seed_000045,"Which field combines computational science with culinary studies and uses data-driven techniques to analyze recipes, flavors, nutrition, and sustainability?",Computational gastronomy,"Computational gastronomy is an interdisciplinary field combining computational science with culinary studies. It applies data-driven techniques to analyze various aspects of food, including recipes, flavors, nutrition, and sustainability.",other,easy,science_technology,Computational gastronomy,Lead,78245236_1323238067_0_0,1.0,8,keep,yes,yes,yes,yes,yes,auto-review: looks good
seed_000046,What degree did Henry Reich earn from the Perimeter Institute for Theoretical Physics?,master's degree in theoretical physics,"He then attended the Perimeter Institute for Theoretical Physics, where he earned his master's degree in theoretical physics from the institute's Perimeter Scholars International program.",other,medium,science_technology,MinutePhysics,Background and video content,36970075_1349644690_1_0,1.0,8,keep,yes,yes,yes,yes,yes,auto-review: looks good
seed_000047,What award did Kozen receive in 2022 for his work on Kleene algebra with tests?,Alonzo Church Award,His work on Kleene algebra with tests was recognized with an Alonzo Church Award in 2022.,other,medium,science_technology,Dexter Kozen,Career,18945682_1334544447_1_0,1.0,8,keep,yes,yes,yes,yes,yes,auto-review: looks good
seed_000048,When has C typically ranked as the most or second-most popular language according to the passage?,2000,"Since 2000, C has typically ranked as the most or second-most popular language in the TIOBE index.",date,medium,science_technology,C (programming language),Lead,6021_1363408764_0_1,1.0,8,keep,yes,yes,yes,no,yes,auto-review: looks good
seed_000049,When did the work of Ibn al-Haytham (Alhazen) occur?,11th century,"The roots also emerged in ancient Asian cultures such as India and China, and particularly the Islamic medieval period, which saw the development of scientific methodology emphasising experimentation, such as the work of Ibn al-Haytham (Alhazen) in the 11th century.",date,medium,science_technology,Physicist,History,23269_1356210110_1_0,1.0,8,keep,yes,yes,yes,yes,yes,auto-review: looks good
seed_000050,"What type of code is used to indicate the nature of an error and, when possible, why it occurred in computing?",error code,"In computing, an error code (or a return code) is a numeric or alphanumeric code that indicates the nature of an error and, when possible, why it occurred.",other,medium,science_technology,Error code,Lead,30873244_1360884303_0_0,1.0,8,keep,yes,yes,yes,no,yes,auto-review: looks good
seed_000051,In which year did the special theory of relativity discredit the concept of absolute simultaneity mentioned in the context of medieval scholastics and Aristotle's works?,1905,"The idea of absolute simultaneity survived until 1905, when the special theory of relativity and its supporting experiments discredited it.",date,medium,science_technology,Naïve physics,Examples,168907_1292060048_2_0,1.0,8,keep,yes,yes,yes,yes,yes,auto-review: looks good
seed_000052,What feature made The Note Processor unique among commercial scorewriters?,accepted as input files encoded in DARMS notation,"Intended to provide publishing-quality music engraving, it was unique among commercial scorewriters in that it accepted as input files encoded in DARMS notation.",other,medium,science_technology,The Note Processor (software),Lead,82959304_1359714773_0_0,1.0,8,keep,yes,yes,yes,yes,yes,auto-review: looks good
seed_000053,Which award did Gryz receive for his contributions to internationalization and also holds a senior membership in IEEE besides the IBM Faculty Award?,Outstanding Contribution to Internationalization Award,He is the recipient of the Outstanding Contribution to Internationalization Award and the IBM Faculty Award as well as a Senior Member of the Institute of Electrical and Electronics Engineers (IEEE).,other,medium,science_technology,Jarek Gryz,Lead,74317822_1347264780_0_0,1.0,8,keep,yes,yes,yes,yes,yes,auto-review: looks good
seed_000054,What type of filtering method involves comparing a user's profile to characteristics of the information item rather than the user's social environment?,content-based,These characteristics may originate from the information item (the content-based approach) or the user's social environment (the collaborative filtering approach).,other,hard,science_technology,Information filtering system,Lead,9854390_1322257953_0_0,1.0,8,keep,yes,yes,yes,yes,yes,auto-review: looks good
seed_000055,What type of software is responsible for tasks such as formatting media for a specific filesystem and diagnosing failures on formatted media for the Amiga family of personal computers?,Amiga support and maintenance software,"Amiga support and maintenance software performs service functions such as formatting media for a specific filesystem, diagnosing failures that occur on formatted media, data recovery after media failure, and installation of new software for the Amiga family of personal computers.",other,hard,science_technology,Amiga support and maintenance software,Lead,14436015_1329168497_0_0,1.0,8,keep,yes,yes,yes,no,yes,auto-review: looks good
seed_000056,"Who is mentioned as a renowned mathematician associated with the early practitioners of computer science, and what was his significant contribution to the field?",Alan Turing,"It has strong foundations in the field of mathematics, as the very first recognised practitioners of the field were renowned mathematicians such as Alan Turing.",person,hard,science_technology,Computer and information science,Lead,8431748_1319524395_0_0,1.0,8,fix,yes,yes,yes,no,no,phrasing may go stale over time (relative/superlative language)
seed_000057,In what year were high-level programming languages introduced?,1958,"The introduction of high-level programming languages in 1958 allowed for more human-readable instructions, making software development easier and more portable across different computer architectures.",numeric,easy,science_technology,Software,Lead,5309_1360134349_0_0,1.0,8,keep,yes,yes,yes,yes,yes,auto-review: looks good
seed_000058,When did the accident occur?,25 May 1982,"On 25 May 1982, a Royal Air Force SEPECAT Jaguar of 14 Squadron, while returning to its base at RAF Brüggen in Germany following a training mission, was accidentally hit by an air-to-air missile fired by another Royal Air Force aircraft, a McDonnell Douglas Phantom.",date,easy,historical_event,1982 Royal Air Force Jaguar shootdown incident,Lead,69915222_1365687823_0_0,1.0,8,keep,yes,yes,yes,yes,yes,auto-review: looks good
seed_000059,When did the various communist factions gain strategic influence in mainland Southeast Asia?,1975,"The Third Indochina War was a series of interconnected military conflicts among the various communist factions over strategic influence in mainland Southeast Asia after communist victory in South Vietnam, Laos, and Cambodia in 1975.",date,easy,historical_event,Third Indochina War,Lead,537568_1358063585_0_0,1.0,8,keep,yes,yes,yes,yes,yes,auto-review: looks good
seed_000060,How many secret treaties have been negotiated by 110 countries and independent political entities since 1521?,593,"According to one compilation of secret treaties published in 2004, there have been 593 secret treaties negotiated by 110 countries and independent political entities since the year 1521.",numeric,easy,historical_event,Secret treaty,Lead,482715_1360734988_0_0,1.0,8,keep,yes,yes,yes,yes,yes,auto-review: looks good
seed_000061,Where shall a true copy be kept according to the phrase mentioned in the passage?,the Archives of the Government of the Republic of Belarus,"""A true copy shall be kept in the Archives of the Government of the Republic of Belarus, which shall send to the Contracting Parties which have signed this Agreement (or the Treaty or the Protocol) a certified copy thereof""",location,easy,historical_event,Depositary,Belarus,34543329_1276521423_1_0,1.0,8,keep,yes,yes,yes,yes,yes,auto-review: looks good
seed_000062,What is a political revolution according to the passage?,"an upheaval in which the government is replaced, or the form of government altered, but in which property relations are predominantly left intact","A political revolution, in the Trotskyist theory, is an upheaval in which the government is replaced, or the form of government altered, but in which property relations are predominantly left intact.",other,easy,historical_event,Political revolution (Trotskyism),Lead,40494288_1339184621_0_0,1.0,8,keep,yes,yes,yes,yes,yes,auto-review: looks good
seed_000063,When did Argentina attempt to regulate traffic on the Paraná and Uruguay rivers?,the late 1840s,"In the late 1840s, Argentina attempted to regulate traffic on the Paraná and Uruguay rivers, which impacted upon Anglo-French trade with the landlocked Paraguay.",date,easy,historical_event,Arana–Lepredour Treaty,Lead,36298615_1183864909_0_0,1.0,8,keep,yes,yes,yes,yes,yes,auto-review: looks good
seed_000064,Where was the Kakori train robbery located?,around 10 miles (16 km) from Lucknow,"Kakori train robbery was the most prominent efforts, where they looted government money from a train around 10 miles (16 km) from Lucknow.",other,easy,historical_event,Communist involvement in the Indian independence movement,Hindustan Socialist Republican Association,71481346_1348434033_2_0,1.0,8,fix,yes,yes,yes,yes,no,phrasing may go stale over time (relative/superlative language)
seed_000065,When was Gagauzia formally reintegrated into Moldova?,1995,"It was formally reintegrated into Moldova in 1995, when Gagauzia was officially recognized as an ""autonomous territorial unit"" within the country.",date,easy,historical_event,Gagauzia conflict,Lead,74457321_1361103261_0_0,1.0,8,fix,yes,yes,yes,yes,no,phrasing may go stale over time (relative/superlative language)
seed_000066,What is an example of a mechanism with great political authority whose decisions are almost always implemented?,the European Court of Human Rights,A good example of the latter is the European Court of Human Rights.,organization,medium,historical_event,International human rights instruments,Lead,15079_1341723543_0_1,1.0,8,keep,yes,yes,yes,yes,yes,auto-review: looks good
seed_000067,"Which entity is mentioned alongside the Netherlands in the alleged state of war, and what is its location relative to Great Britain?",the Isles of Scilly,The Three Hundred and Thirty-Five Years' War (Dutch: Driehonderdvijfendertigjarige Oorlog [driˌɦɔndərtˌfɛifɛnˌdɛrtəxˈjaːrəɣə ˈʔoːrlɔx]; Cornish: Bell a dri hans pymthek warn ugens) was an alleged state of war between the Netherlands and the Isles of Scilly (located off the southwest coast of Great Britain).,location,medium,historical_event,Three Hundred and Thirty Five Years' War,Lead,2635744_1358680623_0_0,1.0,8,keep,yes,yes,yes,yes,yes,auto-review: looks good
seed_000068,What is the end goal of internationally oriented revolutionary socialism according to the passage?,world socialism,"The end goal of such internationally oriented revolutionary socialism is to achieve world socialism, and later, a communist society.",other,medium,historical_event,World revolution,Lead,43349892_1353813025_0_0,1.0,8,keep,yes,yes,yes,yes,yes,auto-review: looks good
seed_000069,Which event marked the deepening of divisions between China and the Soviet Union in the late 1950s?,Sino-Soviet split,"In the late 1950s, divisions between China and the Soviet Union deepened, culminating in the Sino-Soviet split, and the two then vied for control of communist movements across the world, especially in Asia.",other,medium,historical_event,Cold War in Asia,Lead,68505042_1364920850_0_0,1.0,8,keep,yes,yes,yes,yes,yes,auto-review: looks good
seed_000070,"Which event influenced the British Prime Minister William Pitt the Younger to be one of the key motivators of the Eden Treaty, alongside the secession of the thirteen American colonies?",the publication of Adam Smith's Wealth of Nations,"It was spurred on in Britain by the secession of the thirteen American colonies, and the publication of Adam Smith's Wealth of Nations.",other,medium,historical_event,Eden Agreement,Lead,4704824_1362634990_0_0,1.0,8,keep,yes,yes,yes,yes,yes,auto-review: looks good
seed_000071,What term is used for a treaty that involves more than two parties?,multilateral treaty,Any agreement with more than two parties is a multilateral treaty.,other,medium,historical_event,Bilateral treaty,Lead,9574282_1278868670_0_0,1.0,8,keep,yes,yes,yes,yes,yes,auto-review: looks good
seed_000072,What type of targets did Islamic extremists and jihadism include besides Saudi Arabian civilians and security forces?,foreign civilians—Westerners affiliated with its oil-based economy,Their targets included foreign civilians—Westerners affiliated with its oil-based economy—as well as Saudi Arabian civilians and security forces.,other,medium,historical_event,Terrorism in Saudi Arabia,Lead,1699087_1358683736_0_0,1.0,8,keep,yes,yes,yes,yes,yes,auto-review: looks good
seed_000073,What is the name of the airport where the cargo flight was departing from before the crash?,Bucharest Henri Coandă International Airport,"On 28 December 1989, a TAROM Antonov An-24RV, operating an international cargo flight from Bucharest Henri Coandă International Airport, Romania, to Belgrade International Airport, Yugoslavia, crashed near Vișina, Dâmbovița County, Romania.",location,medium,historical_event,1989 TAROM Antonov An-24 crash,Lead,83695864_1365956239_0_0,1.0,8,keep,yes,yes,yes,yes,yes,auto-review: looks good
seed_000074,"Which two Hutu presidents were killed on an aircraft shot down on 6 April 1994 in Kigali, Rwanda?",Rwandan president Juvénal Habyarimana and Burundian president Cyprien Ntaryamira,"On the evening of 6 April 1994, the aircraft carrying Rwandan president Juvénal Habyarimana and Burundian president Cyprien Ntaryamira, both Hutu, was shot down with surface-to-air missiles as their jet prepared to land in Kigali, Rwanda; both were killed.",other,hard,historical_event,Assassination of Juvénal Habyarimana and Cyprien Ntaryamira,Lead,11639523_1351024233_0_0,1.0,8,keep,yes,yes,yes,yes,yes,auto-review: looks good
seed_000075,Which treaty established the European Economic Community and included provisions for association agreements with non-EU countries or blocs of countries?,Treaty of Rome,"The provision for an association agreement was included in the Treaty of Rome, which established the European Economic Community, as a means to enable co-operation of the Community with the United Kingdom, which had retreated from the treaty negotiations at the Messina Conference of 1955.",other,hard,historical_event,European Union association agreement,Lead,982102_1361620806_0_0,1.0,8,keep,yes,yes,yes,yes,yes,auto-review: looks good
seed_000076,"In which year did the Jabidah massacre occur, and what was its impact on the Moro insurgency?",1968,"The Moro insurgency was triggered by the Jabidah massacre on March 18, 1968, during which 60 Filipino Muslim commandos on a planned operation to reclaim the eastern part of the Malaysian state of Sabah were killed.",date,hard,historical_event,Moro conflict,Lead,4602307_1363730598_0_0,1.0,8,keep,yes,yes,yes,yes,yes,auto-review: looks good
seed_000077,"Which episode of Futurama, directed by James Purdum and written by Eric Horsted, aired on Fox in the United States on December 22, 2002?",A Taste of Freedom,"""A Taste of Freedom"" is the fifth episode in the fourth season of the American animated television series Futurama, and the 59th episode of the series overall. It first aired on Fox in the United States on December 22, 2002 and also aired on Sky One in early 2003.",other,hard,historical_event,A Taste of Freedom,Lead,3757537_1359842969_0_0,1.0,8,keep,yes,yes,yes,yes,yes,auto-review: looks good
seed_000078,When was the company founded?,1986,"Founded in 1986 by Canadians Vincent John Vincent and Francis MacDougall, this privately held company develops and licenses gesture recognition software based on computer vision techniques.",date,easy,organization_product,GestureTek,Founding,22717006_1288334569_1_0,1.0,8,keep,yes,yes,yes,yes,yes,auto-review: looks good
seed_000079,What type of environments do Free Wave's radios support?,clear line-of-sight environments and harsh environments,"Their radios can capture and transmit data from devices such as sensors, gauges, valves, robots, drones, and unmanned vehicles over long distances (60+ miles / 96+ kilometers) in clear line-of-sight environments and harsh environments.",other,easy,organization_product,FreeWave Technologies,Lead,5263545_1365838161_0_0,1.0,8,keep,yes,yes,yes,yes,yes,auto-review: looks good
seed_000080,"In which city was the second office of AMAZE established besides its headquarters in Los Angeles, California?",Seoul,"Its headquarters is located in Los Angeles, California, with a second office in Seoul, South Korea.",location,easy,organization_product,AMAZE (company),Lead,80020867_1296225068_0_0,1.0,8,keep,yes,yes,yes,yes,yes,auto-review: looks good
seed_000081,Which AWS service can be used for real-time processing and is mentioned alongside Amazon DynamoDB and AWS Batch for data storage and processing?,Amazon Kinesis,"A developer may also connect their SageMaker-enabled ML models to other AWS services, such as the Amazon DynamoDB database for structured data storage, AWS Batch for offline batch processing, or Amazon Kinesis for real-time processing.",organization,easy,organization_product,Amazon SageMaker,Capabilities,61004524_1355195605_1_0,1.0,8,keep,yes,yes,yes,yes,yes,auto-review: looks good
seed_000082,What is the maximum number of concurrent participants allowed in the free plan of Zoom Workplace?,100,"The free plan allows up to 100 concurrent participants, with a 40-minute time restriction.",numeric,easy,organization_product,Zoom (software),Lead,63435456_1365198641_0_0,1.0,8,fix,yes,yes,yes,yes,no,phrasing may go stale over time (relative/superlative language)
seed_000083,When was the concept of the Hyperloop popularized?,2013,"The concept of the Hyperloop was popularized in 2013 by Elon Musk, not affiliated with HyperloopTT.",date,easy,organization_product,Hyperloop Transportation Technologies,Lead,43436569_1359539986_0_0,1.0,8,keep,yes,yes,yes,yes,yes,auto-review: looks good
seed_000084,Where is Text based?,Wrocław,"Based in Wrocław, it offers a suite of tools for B2B and B2C communication, including popular platforms like LiveChat, ChatBot, and HelpDesk.",location,easy,organization_product,Text (company),Lead,15905137_1364551860_0_0,1.0,8,keep,yes,yes,yes,yes,yes,auto-review: looks good
seed_000085,When did Jobs die?,later that year,Jobs resigned in 2011 for health reasons and died later that year.,other,easy,organization_product,Apple Inc.,Lead,856_1366003991_0_1,1.0,8,keep,yes,yes,yes,yes,yes,auto-review: looks good
seed_000086,In which month did Glean introduce its third-generation Glean Assistant after reporting $100 million in annual recurring revenue?,September,"In September 2025, Glean introduced a third-generation Glean Assistant and an Enterprise Graph focused on personalization and multi-step task execution.",other,medium,organization_product,Glean Technologies,History,75514588_1339929546_1_0,1.0,8,keep,yes,yes,yes,yes,yes,auto-review: looks good
seed_000087,What was iDroid's first product launch after becoming a smartphone and tablet PC manufacturer in 2014?,5-inch-screen-sized Smartphone,"In first quarter of 2014, iDroid launched its first large 5-inch-screen-sized Smartphone under its smart phone line ""Tango"".",other,medium,organization_product,IDroid USA,Lead,45356497_1329165362_0_0,1.0,8,keep,yes,yes,yes,yes,yes,auto-review: looks good
seed_000088,"Which country does EAB Global, Inc have an office in besides the United States?",United Kingdom,"EAB Global, Inc is an education company headquartered in Washington, DC, with additional U.S. offices in Richmond, Virginia, Minneapolis, Minnesota, and Philadelphia, Pennsylvania, as well as international offices in the United Kingdom, Australia, Malaysia, and Nepal.",location,medium,organization_product,EAB (company),Lead,56207761_1365381130_0_0,1.0,8,keep,yes,yes,yes,yes,yes,auto-review: looks good
seed_000089,Which international organization provides data security solutions for IBM's Power i servers and also serves clients such as Fiat and Agfa?,"Raz-Lee Security, Inc.","Raz-Lee Security, Inc. is an international organization that provides data security solutions for IBM's Power i servers.",organization,medium,organization_product,Raz-Lee,Lead,25265843_1362544991_0_0,1.0,8,keep,yes,yes,yes,yes,yes,auto-review: looks good
seed_000090,Which two markets are located in Florida according to the passage?,"Jacksonville, Florida; Lakeland, Florida","The edge markets that Cologix operates in are: Columbus, Ohio; Dallas, Texas; Jacksonville, Florida; Lakeland, Florida; Minneapolis, Minnesota; Montreal, Quebec; Silicon Valley, California; Toronto, Ontario; Northern New Jersey; and Vancouver, British Columbia.",location,medium,organization_product,Cologix,Lead,44229008_1330918454_0_0,1.0,8,keep,yes,yes,yes,yes,yes,auto-review: looks good
seed_000091,What technology does Automated Grading Systems use to assess card condition besides AI?,3D laser scanning technology,The company uses artificial intelligence (AI) and 3D laser scanning technology to assess card condition.,other,medium,organization_product,"Automated Grading Systems, Inc.",Lead,80786345_1358782416_0_0,1.0,8,keep,yes,yes,yes,yes,yes,auto-review: looks good
seed_000092,In which year did Stripe process over $1.9 trillion in payment volume and how many businesses were processing transactions through Stripe in that year?,5 million,processing transactions for 5 million businesses in that year.,numeric,hard,organization_product,"Stripe, Inc.",Lead,32845520_1364989656_0_0,1.0,8,keep,yes,yes,yes,yes,yes,auto-review: looks good
seed_000093,What was the trading symbol used by the company when it was listed on the New York Stock Exchange in November 1994?,IO,"and was listed on the New York Stock Exchange in November 1994 using the trading symbol ""IO""",other,hard,organization_product,ION Geophysical,History,15704286_1359543122_1_0,1.0,8,keep,yes,yes,yes,yes,yes,auto-review: looks good
seed_000094,"What type of international human rights instrument is designed to become legally binding and includes prescriptive and specific language, typically requiring ratification by each state's legislature?",conventions,"and conventions that are multi-party treaties that are designed to become legally binding, usually include prescriptive and very specific language, and usually are concluded by a long procedure that frequently requires ratification by each states' legislature.",other,medium,historical_event,International human rights instruments,Lead,15079_1341723543_0_0,1.0,8,keep,yes,yes,yes,yes,yes,auto-review: looks good
seed_000095,What event in 1917 supported the establishment of a 'Jewish homeland' in Palestine and involved an imperial power's promise to the Zionist movement?,Balfour Declaration,"The Zionist movement garnered the support of an imperial power in the 1917 Balfour Declaration issued by Britain, which promised to support the creation of a 'Jewish homeland' in Palestine.",other,hard,historical_event,Israeli–Palestinian conflict,Lead,46216_1366016199_0_0,1.0,8,keep,yes,yes,yes,yes,yes,auto-review: looks good
seed_000096,What position did Bothe hold before being driven out by the Deutsche Physik movement?,Director of the Physical and Radiological Institute at Heidelberg University,"In 1932, he became Director of the Physical and Radiological Institute at Heidelberg University; he was driven out of this position by elements of the Deutsche Physik movement.",other,medium,person,Walther Bothe,Lead,358425_1358309025_0_0,1.0,8,keep,yes,yes,yes,yes,yes,auto-review: looks good
seed_000097,What event occurred when Joshua Lionel Cohen built his first toy train at age seven?,The engine exploded,"The engine exploded, damaging his parents' kitchen.",other,medium,person,Joshua Lionel Cowen,Early life,399047_1343193859_1_0,1.0,8,keep,yes,yes,yes,yes,yes,auto-review: looks good
seed_000098,When was some of the first computer music created?,1961,"Some of the first computer music was created in 1961 by LaFarr Stuart, who wrote software to modulate the duration of and between pulses (pulse-width modulation or ""PWM"", via a process now often referred to as ""bit banging"") on a bus line that had been connected to an amplified speaker originally installed to monitor the functioning of Iowa State University's CYCLONE computer, a derivative of the Illiac.",date,easy,historical_event,Digital sound revolution,Software-based pulse-width modulation,691685_1334623036_1_0,1.0,8,fix,yes,yes,yes,yes,no,phrasing may go stale over time (relative/superlative language)
seed_000099,What did V. Gordon Childe apply to interpret the archaeological finds that differed from previous archaeologists' focus?,concepts and theories from the social sciences,"Whereas previous archaeologists had concentrated on chronology and technology, Childe applied concepts and theories from the social sciences to interpret the archaeological finds.",other,medium,historical_event,Urban revolution,Lead,1028430_1328011019_0_0,1.0,8,keep,yes,yes,yes,yes,yes,auto-review: looks good
